{"cameraMode":{"drawMode":0,"name":"Shaded","section":"Shading Mode"},"sceneLighting":true,"audioPlay":false,"sceneViewState":{"showFog":true,"showMaterialUpdate":true,"showSkybox":true,"showFlares":true,"showImageEffects":true,"showParticleSystems":true},"in2DMode":false,"pivot":{"x":142.154296875,"y":-64.74092102050781,"z":178.79220581054688},"rotation":{"x":0.3803984224796295,"y":-0.019708970561623575,"z":0.008126218803226948,"w":0.92460697889328},"size":182.83399963378907,"orthographic":false}